<?xml version="1.0"?>
<policyinfo>
	<item0>
		<policynumber>A10000</policynumber>
		<maturityvalue >14980</maturityvalue >
	</item0>
	<item1>
		<policynumber>B10001</policynumber>
		<maturityvalue >12600</maturityvalue >
	</item1>
	<item2>
		<policynumber>C10002</policynumber>
		<maturityvalue >12090</maturityvalue >
	</item2>
	<item3>
		<policynumber>D10003</policynumber>
		<error>Invalid row in data file</error>
	</item3>
	<item4>
		<policynumber>A10004</policynumber>
		<maturityvalue >16050</maturityvalue >
	</item4>
	<item5>
		<policynumber>B10005</policynumber>
		<maturityvalue >9975</maturityvalue >
	</item5>
	<item6>
		<policynumber>C10006</policynumber>
		<maturityvalue >11330</maturityvalue >
	</item6>
	<item7>
		<policynumber>C10007</policynumber>
		<maturityvalue >11160</maturityvalue >
	</item7>
	<item8>
		<policynumber>D10008</policynumber>
		<error>Invalid row in data file</error>
	</item8>
	<item9>
		<policynumber>B10009</policynumber>
		<maturityvalue >14700</maturityvalue >
	</item9>
	<item10>
		<policynumber>A10010</policynumber>
		<maturityvalue >14550</maturityvalue >
	</item10>
</policyinfo>
